{
  "total": 125,
  "average_gold_hops": 2.024,
  "average_model_hops": 2.0,
  "average_hop_ratio": 0.9893333333333333,
  "average_hop_diff": -0.024,
  "precision_macro": 0.8533333333333335,
  "recall_macro": 0.8266666666666667,
  "f1_macro": 0.8314666666666666,
  "equivalence_counts": {
    "equivalent": 97,
    "not_equivalent": 28,
    "uncertain": 0
  },
  "equivalence_rate": 0.776
}