{
  "total": 125,
  "average_gold_hops": 2.024,
  "average_model_hops": 2.16,
  "average_hop_ratio": 1.0693333333333332,
  "average_hop_diff": 0.136,
  "precision_macro": 0.9313333333333333,
  "recall_macro": 0.9693333333333333,
  "f1_macro": 0.9458666666666664,
  "equivalence_counts": {
    "equivalent": 119,
    "not_equivalent": 6,
    "uncertain": 0
  },
  "equivalence_rate": 0.952
}