{
  "total": 125,
  "average_gold_hops": 2.024,
  "average_model_hops": 2.792,
  "average_hop_ratio": 1.3826666666666667,
  "average_hop_diff": 0.768,
  "precision_macro": 0.688873015873016,
  "recall_macro": 0.8013333333333332,
  "f1_macro": 0.7265471861471859,
  "equivalence_counts": {
    "equivalent": 76,
    "not_equivalent": 49,
    "uncertain": 0
  },
  "equivalence_rate": 0.608
}