{
  "total": 125,
  "average_gold_hops": 2.024,
  "average_model_hops": 2.496,
  "average_hop_ratio": 1.2373333333333332,
  "average_hop_diff": 0.472,
  "precision_macro": 0.8070666666666669,
  "recall_macro": 0.8733333333333333,
  "f1_macro": 0.8270095238095235,
  "equivalence_counts": {
    "equivalent": 96,
    "not_equivalent": 29,
    "uncertain": 0
  },
  "equivalence_rate": 0.768
}