{
  "total": 125,
  "average_gold_hops": 2.024,
  "average_model_hops": 2.0,
  "average_hop_ratio": 0.9906666666666667,
  "average_hop_diff": -0.024,
  "precision_macro": 0.9613333333333334,
  "recall_macro": 0.9506666666666668,
  "f1_macro": 0.9509333333333333,
  "equivalence_counts": {
    "equivalent": 120,
    "not_equivalent": 5,
    "uncertain": 0
  },
  "equivalence_rate": 0.96
}