{
  "total": 125,
  "average_gold_hops": 2.024,
  "average_model_hops": 1.984,
  "average_hop_ratio": 0.9840000000000001,
  "average_hop_diff": -0.04,
  "precision_macro": 0.9426666666666667,
  "recall_macro": 0.9253333333333333,
  "f1_macro": 0.9282666666666667,
  "equivalence_counts": {
    "equivalent": 116,
    "not_equivalent": 9,
    "uncertain": 0
  },
  "equivalence_rate": 0.928
}