{
  "total": 125,
  "average_gold_hops": 2.024,
  "average_model_hops": 2.04,
  "average_hop_ratio": 1.0093333333333332,
  "average_hop_diff": 0.016,
  "precision_macro": 0.9760000000000001,
  "recall_macro": 0.9773333333333333,
  "f1_macro": 0.9749333333333333,
  "equivalence_counts": {
    "equivalent": 121,
    "not_equivalent": 4,
    "uncertain": 0
  },
  "equivalence_rate": 0.968
}