{
  "total": 300,
  "average_gold_hops": 1.3666666666666667,
  "average_model_hops": 2.08,
  "average_hop_ratio": 1.640468227424749,
  "average_hop_diff": 0.7133333333333334,
  "precision_macro": 0.4249999999999999,
  "recall_macro": 0.545,
  "f1_macro": 0.46178571428571435,
  "equivalence_counts": {
    "equivalent": 116,
    "not_equivalent": 184,
    "uncertain": 0
  },
  "equivalence_rate": 0.38666666666666666
}