{
  "total": 300,
  "average_gold_hops": 1.3666666666666667,
  "average_model_hops": 2.3533333333333335,
  "average_hop_ratio": 1.8862876254180603,
  "average_hop_diff": 0.9866666666666667,
  "precision_macro": 0.5072777777777775,
  "recall_macro": 0.7755555555555556,
  "f1_macro": 0.5893650793650786,
  "equivalence_counts": {
    "equivalent": 193,
    "not_equivalent": 107,
    "uncertain": 0
  },
  "equivalence_rate": 0.6433333333333333
}