{
  "total": 300,
  "average_gold_hops": 1.3666666666666667,
  "average_model_hops": 3.97,
  "average_hop_ratio": 3.280936454849498,
  "average_hop_diff": 2.6033333333333335,
  "precision_macro": 0.2556640211640213,
  "recall_macro": 0.5427777777777777,
  "f1_macro": 0.32701202501202536,
  "equivalence_counts": {
    "equivalent": 79,
    "not_equivalent": 221,
    "uncertain": 0
  },
  "equivalence_rate": 0.2633333333333333
}