{
  "total": 300,
  "average_gold_hops": 1.3666666666666667,
  "average_model_hops": 2.9166666666666665,
  "average_hop_ratio": 2.3166109253065774,
  "average_hop_diff": 1.55,
  "precision_macro": 0.3148730158730159,
  "recall_macro": 0.576111111111111,
  "f1_macro": 0.3865502645502649,
  "equivalence_counts": {
    "equivalent": 121,
    "not_equivalent": 179,
    "uncertain": 0
  },
  "equivalence_rate": 0.4033333333333333
}