{
  "total": 300,
  "average_gold_hops": 1.3666666666666667,
  "average_model_hops": 1.6833333333333333,
  "average_hop_ratio": 1.2881828316610924,
  "average_hop_diff": 0.31666666666666665,
  "precision_macro": 0.7286111111111111,
  "recall_macro": 0.8311111111111111,
  "f1_macro": 0.7598888888888883,
  "equivalence_counts": {
    "equivalent": 222,
    "not_equivalent": 78,
    "uncertain": 0
  },
  "equivalence_rate": 0.74
}