{
  "total": 300,
  "average_gold_hops": 1.3666666666666667,
  "average_model_hops": 1.7933333333333332,
  "average_hop_ratio": 1.4041248606465997,
  "average_hop_diff": 0.4266666666666667,
  "precision_macro": 0.6580555555555556,
  "recall_macro": 0.7833333333333334,
  "f1_macro": 0.6911904761904757,
  "equivalence_counts": {
    "equivalent": 203,
    "not_equivalent": 97,
    "uncertain": 0
  },
  "equivalence_rate": 0.6766666666666666
}