{
  "total": 300,
  "average_gold_hops": 1.3666666666666667,
  "average_model_hops": 1.4566666666666668,
  "average_hop_ratio": 1.1387959866220736,
  "average_hop_diff": 0.09,
  "precision_macro": 0.7913888888888888,
  "recall_macro": 0.82,
  "f1_macro": 0.7826666666666663,
  "equivalence_counts": {
    "equivalent": 249,
    "not_equivalent": 51,
    "uncertain": 0
  },
  "equivalence_rate": 0.83
}