{
  "total": 300,
  "average_gold_hops": 2.0033333333333334,
  "average_model_hops": 2.6066666666666665,
  "average_hop_ratio": 1.4036111111111114,
  "average_hop_diff": 0.6033333333333334,
  "precision_macro": 0.4576111111111112,
  "recall_macro": 0.5530555555555555,
  "f1_macro": 0.47929365079365094,
  "equivalence_counts": {
    "equivalent": 110,
    "not_equivalent": 190,
    "uncertain": 0
  },
  "equivalence_rate": 0.36666666666666664
}