{
  "total": 300,
  "average_gold_hops": 2.0033333333333334,
  "average_model_hops": 4.36,
  "average_hop_ratio": 2.506111111111111,
  "average_hop_diff": 2.3566666666666665,
  "precision_macro": 0.4162252158173212,
  "recall_macro": 0.5883333333333334,
  "f1_macro": 0.46160118263379163,
  "equivalence_counts": {
    "equivalent": 97,
    "not_equivalent": 203,
    "uncertain": 0
  },
  "equivalence_rate": 0.3233333333333333
}