{
  "total": 300,
  "average_gold_hops": 2.0033333333333334,
  "average_model_hops": 2.58,
  "average_hop_ratio": 1.411111111111111,
  "average_hop_diff": 0.5766666666666667,
  "precision_macro": 0.662,
  "recall_macro": 0.8227777777777778,
  "f1_macro": 0.7116904761904768,
  "equivalence_counts": {
    "equivalent": 200,
    "not_equivalent": 100,
    "uncertain": 0
  },
  "equivalence_rate": 0.6666666666666666
}