{
  "total": 300,
  "average_gold_hops": 2.0033333333333334,
  "average_model_hops": 3.223333333333333,
  "average_hop_ratio": 1.7630555555555554,
  "average_hop_diff": 1.22,
  "precision_macro": 0.4525445665445668,
  "recall_macro": 0.6219444444444443,
  "f1_macro": 0.49896967846967916,
  "equivalence_counts": {
    "equivalent": 114,
    "not_equivalent": 186,
    "uncertain": 0
  },
  "equivalence_rate": 0.38
}