{
  "total": 300,
  "average_gold_hops": 2.0033333333333334,
  "average_model_hops": 2.07,
  "average_hop_ratio": 1.0938888888888887,
  "average_hop_diff": 0.06666666666666667,
  "precision_macro": 0.731611111111111,
  "recall_macro": 0.7447222222222222,
  "f1_macro": 0.7120793650793651,
  "equivalence_counts": {
    "equivalent": 182,
    "not_equivalent": 118,
    "uncertain": 0
  },
  "equivalence_rate": 0.6066666666666667
}