{
  "total": 300,
  "average_gold_hops": 2.0033333333333334,
  "average_model_hops": 2.27,
  "average_hop_ratio": 1.2033333333333336,
  "average_hop_diff": 0.26666666666666666,
  "precision_macro": 0.736111111111111,
  "recall_macro": 0.806111111111111,
  "f1_macro": 0.7540317460317463,
  "equivalence_counts": {
    "equivalent": 190,
    "not_equivalent": 110,
    "uncertain": 0
  },
  "equivalence_rate": 0.6333333333333333
}