{
  "total": 300,
  "average_gold_hops": 2.0033333333333334,
  "average_model_hops": 1.91,
  "average_hop_ratio": 0.9972222222222225,
  "average_hop_diff": -0.09333333333333334,
  "precision_macro": 0.8038333333333333,
  "recall_macro": 0.7572222222222222,
  "f1_macro": 0.755753968253968,
  "equivalence_counts": {
    "equivalent": 213,
    "not_equivalent": 87,
    "uncertain": 0
  },
  "equivalence_rate": 0.71
}