{
  "total": 300,
  "average_gold_hops": 2.0433333333333334,
  "average_model_hops": 2.15,
  "average_hop_ratio": 1.0611111111111111,
  "average_hop_diff": 0.10666666666666667,
  "precision_macro": 0.8402777777777777,
  "recall_macro": 0.851111111111111,
  "f1_macro": 0.8406825396825398,
  "equivalence_counts": {
    "equivalent": 234,
    "not_equivalent": 66,
    "uncertain": 0
  },
  "equivalence_rate": 0.78
}