{
  "total": 300,
  "average_gold_hops": 2.0433333333333334,
  "average_model_hops": 3.1433333333333335,
  "average_hop_ratio": 1.5583333333333333,
  "average_hop_diff": 1.1,
  "precision_macro": 0.6249470899470899,
  "recall_macro": 0.7530555555555555,
  "f1_macro": 0.6653895820491573,
  "equivalence_counts": {
    "equivalent": 180,
    "not_equivalent": 120,
    "uncertain": 0
  },
  "equivalence_rate": 0.6
}