{
  "total": 300,
  "average_gold_hops": 2.0433333333333334,
  "average_model_hops": 2.2333333333333334,
  "average_hop_ratio": 1.1047222222222224,
  "average_hop_diff": 0.19,
  "precision_macro": 0.898888888888889,
  "recall_macro": 0.9475,
  "f1_macro": 0.9169047619047624,
  "equivalence_counts": {
    "equivalent": 279,
    "not_equivalent": 21,
    "uncertain": 0
  },
  "equivalence_rate": 0.93
}