{
  "total": 300,
  "average_gold_hops": 2.0433333333333334,
  "average_model_hops": 2.63,
  "average_hop_ratio": 1.3141666666666665,
  "average_hop_diff": 0.5866666666666667,
  "precision_macro": 0.7453783068783066,
  "recall_macro": 0.8452777777777778,
  "f1_macro": 0.779198653198654,
  "equivalence_counts": {
    "equivalent": 223,
    "not_equivalent": 77,
    "uncertain": 0
  },
  "equivalence_rate": 0.7433333333333333
}