{
  "total": 300,
  "average_gold_hops": 2.0433333333333334,
  "average_model_hops": 2.1866666666666665,
  "average_hop_ratio": 1.0755555555555554,
  "average_hop_diff": 0.14333333333333334,
  "precision_macro": 0.9180000000000001,
  "recall_macro": 0.9547222222222222,
  "f1_macro": 0.9283412698412703,
  "equivalence_counts": {
    "equivalent": 279,
    "not_equivalent": 21,
    "uncertain": 0
  },
  "equivalence_rate": 0.93
}