{
  "total": 300,
  "average_gold_hops": 2.0433333333333334,
  "average_model_hops": 2.0966666666666667,
  "average_hop_ratio": 1.0352777777777777,
  "average_hop_diff": 0.05333333333333334,
  "precision_macro": 0.8927777777777777,
  "recall_macro": 0.8941666666666667,
  "f1_macro": 0.8848809523809528,
  "equivalence_counts": {
    "equivalent": 256,
    "not_equivalent": 44,
    "uncertain": 0
  },
  "equivalence_rate": 0.8533333333333334
}