{
  "total": 300,
  "average_gold_hops": 2.0433333333333334,
  "average_model_hops": 2.033333333333333,
  "average_hop_ratio": 1.0030555555555554,
  "average_hop_diff": -0.01,
  "precision_macro": 0.9413888888888887,
  "recall_macro": 0.9291666666666667,
  "f1_macro": 0.928968253968254,
  "equivalence_counts": {
    "equivalent": 276,
    "not_equivalent": 24,
    "uncertain": 0
  },
  "equivalence_rate": 0.92
}